{"date":"2020-06-30T21:32:36Z","speaker_gender":"Female","languages":["yor"],"item_id":"rxnwplyuvmie","speaker_birth_year":0,"recording_lang":"pcm","origin":"Nigeria","speaker_name":"Blessing Bassey","source":"v01-rxnwplyuvmie","suffix":"200630-213236_pcm_9fa_elicit","version":"v01","sampleRate":16000,"BitsPerSample":16,"Format":"vnd.wave","user_id":"861354510","file_type":null,"NumChannels":1,"speakers":[],"name":"200630-213236_pcm_9fa_elicit_21","durationMsec":8530,"location":[37.421998333333335,-122.08400000000002],"device":"GOOGLE-ANDROID SDK BUILT FOR X86","androidID":"9fa609236892d0d8","mother_tongue":"ibb"}